User_ID,Customer_Journey
U0001,LinkedIn
U0002,Google
U0003,LinkedIn -> Blog -> TikTok -> LinkedIn
U0004,Facebook -> TikTok -> LinkedIn
U0005,TikTok -> LinkedIn
U0006,LinkedIn -> Google -> Blog -> Blog -> Facebook
U0007,Facebook -> Blog -> Blog
U0008,Google -> LinkedIn
U0009,Google -> Blog
U0010,Google -> Google -> TikTok
U0011,TikTok -> TikTok
U0012,LinkedIn -> Blog
U0013,Blog -> Google
U0014,Google -> LinkedIn -> LinkedIn -> LinkedIn
U0015,Google -> Blog
U0016,Google -> TikTok -> Facebook -> Facebook
U0017,LinkedIn -> Facebook
U0018,Blog -> Blog -> Facebook
U0019,Google -> LinkedIn -> LinkedIn -> TikTok -> TikTok
U0020,Blog -> Google -> TikTok
U0021,Blog -> Blog
U0022,Blog -> TikTok -> Facebook -> TikTok
U0023,TikTok -> TikTok -> Facebook -> Blog -> Google
U0024,Google
U0025,Facebook
U0026,Blog -> Facebook -> Blog
U0027,TikTok -> Blog -> Facebook -> LinkedIn -> Blog
U0028,Unknown -> Google -> TikTok
U0029,LinkedIn -> Unknown -> Facebook -> TikTok -> LinkedIn
U0030,Facebook -> LinkedIn
U0031,LinkedIn -> Blog -> Unknown -> Blog -> LinkedIn
U0032,Unknown -> Google -> TikTok
U0033,Google -> Blog -> Google -> LinkedIn -> Google
U0034,TikTok -> Blog -> Facebook -> TikTok
U0035,TikTok
U0036,Blog -> Unknown
U0037,TikTok -> TikTok -> LinkedIn -> Blog
U0038,LinkedIn -> Facebook
U0039,LinkedIn -> LinkedIn -> TikTok -> LinkedIn -> Blog
U0040,Blog
U0041,LinkedIn -> LinkedIn -> Blog -> LinkedIn -> Facebook
U0042,LinkedIn -> LinkedIn -> LinkedIn -> TikTok -> Google
U0043,Blog -> LinkedIn -> Blog -> LinkedIn -> Google
U0044,TikTok
U0045,Google -> Google -> TikTok
U0046,Google -> TikTok -> Blog -> TikTok -> LinkedIn
U0047,Blog
U0048,Google
U0049,Google -> Google -> TikTok -> TikTok -> LinkedIn
U0050,LinkedIn
U0051,Google -> TikTok
U0052,LinkedIn -> LinkedIn -> Google -> Google
U0053,Blog -> Blog
U0054,LinkedIn -> Google
U0055,LinkedIn -> Blog -> Google -> Unknown -> LinkedIn
U0056,Google -> Blog -> Blog
U0057,Facebook -> Blog -> TikTok -> Google
U0058,LinkedIn -> Google -> Google -> TikTok -> Facebook
U0059,Google -> Google
U0060,Facebook
U0061,LinkedIn -> TikTok -> Blog -> Unknown
U0062,Unknown -> LinkedIn
U0063,LinkedIn
U0064,TikTok -> TikTok -> Google
U0065,Blog -> LinkedIn -> LinkedIn
U0066,Google
U0067,TikTok -> Google -> Facebook
U0068,TikTok -> Blog -> Blog -> Blog
U0069,Facebook -> Blog -> Facebook -> TikTok
U0070,Google -> Blog -> Facebook
U0071,LinkedIn -> Facebook -> LinkedIn -> LinkedIn
U0072,TikTok -> Blog
U0073,LinkedIn
U0074,LinkedIn -> Facebook -> LinkedIn -> Unknown
U0075,LinkedIn -> Blog -> Blog -> Blog -> Facebook
U0076,Facebook
U0077,Blog
U0078,LinkedIn -> LinkedIn -> Facebook -> Blog -> Facebook
U0079,Blog -> Google
U0080,Google
U0081,LinkedIn -> Facebook -> LinkedIn
U0082,Facebook -> Facebook -> Google -> Facebook -> TikTok
U0083,Blog -> Blog -> Google -> Facebook
U0084,TikTok -> Google -> Google
U0085,Google
U0086,Google -> TikTok -> LinkedIn
U0087,Facebook -> LinkedIn -> Facebook
U0088,Blog -> TikTok -> Blog -> Facebook -> LinkedIn
U0089,Unknown -> Facebook
U0090,Facebook -> Facebook
U0091,LinkedIn -> Blog -> LinkedIn -> Blog
U0092,Unknown -> Blog -> Facebook
U0093,Facebook -> TikTok -> Blog
U0094,Unknown
U0095,LinkedIn -> LinkedIn -> Blog -> Facebook
U0096,LinkedIn -> Blog
U0097,Google -> LinkedIn -> TikTok -> Blog
U0098,TikTok -> LinkedIn -> Unknown -> Facebook
U0099,LinkedIn -> LinkedIn -> LinkedIn
U0100,TikTok -> TikTok
U0101,Blog
U0102,Blog
U0103,Google -> TikTok -> LinkedIn -> TikTok -> Blog
U0104,LinkedIn -> Facebook -> Facebook
U0105,Facebook -> Facebook -> Blog -> LinkedIn
U0106,LinkedIn -> Blog -> Facebook
U0107,Google -> Blog -> TikTok -> Unknown
U0108,LinkedIn
U0109,Google -> Facebook -> LinkedIn -> Facebook -> Blog
U0110,LinkedIn -> Google -> LinkedIn -> LinkedIn
U0111,Facebook
U0112,TikTok -> LinkedIn
U0113,Google -> LinkedIn -> Facebook -> Unknown
U0114,Google -> Facebook
U0115,Google -> Facebook -> LinkedIn
U0116,Facebook -> LinkedIn -> Facebook -> LinkedIn -> TikTok
U0117,LinkedIn -> Google -> LinkedIn
U0118,Facebook -> Facebook -> Facebook
U0119,Facebook -> TikTok
U0120,Google -> Blog -> TikTok
U0121,LinkedIn -> LinkedIn
U0122,LinkedIn -> TikTok
U0123,Facebook -> Facebook
U0124,Google -> Blog
U0125,TikTok -> LinkedIn
U0126,Unknown -> Google -> Google -> Google
U0127,Blog
U0128,LinkedIn -> Blog -> TikTok -> Facebook -> LinkedIn
U0129,TikTok -> Facebook -> LinkedIn
U0130,Blog
U0131,Facebook
U0132,Google -> TikTok -> LinkedIn -> TikTok
U0133,Blog -> Blog
U0134,LinkedIn -> Google -> LinkedIn -> Facebook -> TikTok
U0135,TikTok -> Google
U0136,TikTok -> TikTok -> Facebook
U0137,TikTok -> Google -> Unknown -> Blog
U0138,LinkedIn
U0139,LinkedIn -> LinkedIn -> TikTok
U0140,TikTok -> Google -> LinkedIn -> Blog
U0141,Facebook -> TikTok -> Facebook
U0142,LinkedIn -> Google -> Google -> LinkedIn -> LinkedIn
U0143,Facebook -> Blog -> LinkedIn
U0144,TikTok -> Facebook -> Blog
U0145,TikTok -> Facebook
U0146,TikTok -> Google -> Blog
U0147,TikTok -> Facebook
U0148,Unknown -> TikTok -> LinkedIn -> Google -> LinkedIn
U0149,Facebook -> Unknown -> Unknown -> Google
U0150,Google -> TikTok -> TikTok
U0151,Blog -> TikTok -> Facebook -> Blog -> Facebook
U0152,TikTok -> TikTok
U0153,Unknown
U0154,LinkedIn -> Google -> TikTok -> Unknown -> Blog
U0155,TikTok -> Blog -> LinkedIn -> Facebook
U0156,Facebook -> Blog -> TikTok
U0157,Blog -> LinkedIn -> Google -> Google -> Blog
U0158,Facebook -> Google -> Google
U0159,LinkedIn -> LinkedIn -> Google -> TikTok -> Google
U0160,Blog -> TikTok -> Google -> Facebook -> Google
U0161,Google
U0162,TikTok -> Facebook -> LinkedIn
U0163,Google -> Blog -> Facebook -> LinkedIn -> LinkedIn
U0164,Facebook -> Blog -> Blog -> Facebook
U0165,Google -> Google
U0166,Blog -> TikTok -> Facebook -> Blog
U0167,LinkedIn
U0168,Google -> Blog -> TikTok -> Facebook -> TikTok
U0169,Google -> Unknown
U0170,Google -> Blog -> Facebook -> Blog -> Facebook
U0171,TikTok -> Google
U0172,Facebook -> LinkedIn -> TikTok -> LinkedIn
U0173,Facebook
U0174,Facebook -> Facebook -> Facebook
U0175,Blog -> Blog -> Blog -> Google
U0176,TikTok -> Facebook -> Google -> Google
U0177,Facebook -> TikTok -> Blog -> Google -> TikTok
U0178,Blog -> TikTok -> Facebook
U0179,Facebook -> Google -> Blog -> Unknown
U0180,TikTok -> LinkedIn -> TikTok -> TikTok -> Blog
U0181,Blog -> TikTok
U0182,TikTok -> Unknown
U0183,LinkedIn -> TikTok -> Google -> Blog -> Google
U0184,Facebook
U0185,Google -> Unknown -> LinkedIn
U0186,TikTok
U0187,TikTok
U0188,Google -> TikTok
U0189,LinkedIn -> Blog
U0190,Google
U0191,TikTok -> Blog -> LinkedIn
U0192,LinkedIn -> Facebook -> Unknown
U0193,Unknown
U0194,Google -> Google -> Google -> Google
U0195,Blog -> Google
U0196,LinkedIn -> Google -> LinkedIn -> TikTok -> LinkedIn
U0197,Blog -> Facebook -> Google
U0198,Blog
U0199,Blog -> Blog -> Facebook -> Facebook -> LinkedIn
U0200,Facebook -> Google -> Unknown -> Blog
U0201,Blog -> TikTok
U0202,Google
U0203,TikTok
U0204,Unknown
U0205,Facebook -> Blog -> Google -> LinkedIn
U0206,Facebook -> Facebook
U0207,TikTok
U0208,Facebook -> Blog
U0209,LinkedIn -> Blog -> LinkedIn -> Blog -> Unknown
U0210,TikTok -> Blog -> TikTok -> LinkedIn
U0211,LinkedIn
U0212,TikTok -> Facebook -> Google
U0213,LinkedIn -> Unknown -> Blog -> Facebook -> Google
U0214,Google -> Google -> TikTok
U0215,LinkedIn -> Blog -> Facebook
U0216,TikTok -> Unknown -> TikTok
U0217,LinkedIn -> Google -> Blog -> Blog
U0218,Google -> Facebook -> Unknown -> Facebook -> TikTok
U0219,LinkedIn -> LinkedIn -> Facebook
U0220,Blog -> Google -> Blog -> TikTok -> TikTok
U0221,LinkedIn -> LinkedIn
U0222,TikTok -> LinkedIn -> Blog
U0223,LinkedIn
U0224,LinkedIn -> LinkedIn -> Google -> Facebook
U0225,TikTok
U0226,TikTok -> Facebook
U0227,TikTok -> Facebook
U0228,LinkedIn -> Blog -> Facebook -> TikTok -> Blog
U0229,Blog -> Google
U0230,Unknown
U0231,LinkedIn -> LinkedIn -> TikTok -> Facebook -> Facebook
U0232,LinkedIn -> Unknown -> Blog -> TikTok
U0233,Facebook -> Facebook -> LinkedIn -> Blog
U0234,TikTok -> TikTok -> Facebook
U0235,TikTok -> TikTok -> LinkedIn -> Google -> Facebook
U0236,Unknown -> TikTok -> Google -> TikTok -> TikTok
U0237,LinkedIn -> Google -> Blog -> Unknown
U0238,LinkedIn -> Facebook -> TikTok -> TikTok
U0239,Blog -> TikTok -> Google
U0240,Facebook -> TikTok -> LinkedIn -> Facebook
U0241,Facebook -> TikTok -> Facebook -> Facebook -> Blog
U0242,Blog -> TikTok
U0243,TikTok
U0244,LinkedIn -> Blog
U0245,Facebook -> Blog -> TikTok -> LinkedIn -> Blog
U0246,Google -> TikTok -> TikTok
U0247,TikTok
U0248,LinkedIn -> Blog -> TikTok -> Unknown
U0249,Facebook -> Blog
U0250,LinkedIn -> TikTok
U0251,Unknown -> TikTok -> TikTok
U0252,Google -> LinkedIn
U0253,LinkedIn -> TikTok -> Facebook
U0254,Google -> Facebook -> Facebook -> Unknown -> LinkedIn
U0255,Blog -> Facebook -> Blog -> Blog -> Blog
U0256,Facebook
U0257,Blog -> Blog
U0258,Facebook -> Google -> LinkedIn
U0259,Google
U0260,Google -> Facebook -> Unknown
U0261,Blog -> Blog -> Blog
U0262,Google -> LinkedIn -> TikTok -> LinkedIn
U0263,TikTok -> Facebook
U0264,Google -> Facebook -> Google -> Blog
U0265,LinkedIn -> Google -> Blog -> Facebook -> Blog
U0266,Blog -> Google
U0267,Blog -> Google -> Facebook -> Google
U0268,Blog -> TikTok -> LinkedIn -> Blog -> Facebook
U0269,Facebook -> LinkedIn -> Unknown -> TikTok
U0270,Google -> TikTok -> Facebook -> LinkedIn
U0271,LinkedIn -> Blog -> Facebook -> TikTok -> Google
U0272,Google
U0273,Blog -> Google
U0274,Blog -> Blog -> Facebook
U0275,Unknown -> TikTok -> TikTok -> Blog
U0276,Blog -> Facebook -> Facebook -> Facebook
U0277,Google -> TikTok -> Google
U0278,Facebook -> TikTok -> LinkedIn
U0279,Facebook -> TikTok
U0280,Google
U0281,Facebook -> LinkedIn -> Facebook -> Google -> Blog
U0282,Blog -> TikTok -> Facebook -> Google -> TikTok
U0283,Facebook -> Blog
U0284,LinkedIn -> Unknown -> Facebook -> Google -> TikTok
U0285,LinkedIn -> Google -> Facebook -> TikTok
U0286,Google -> Google -> Blog
U0287,TikTok -> Facebook -> TikTok -> Unknown
U0288,Google -> Blog
U0289,LinkedIn
U0290,Facebook
U0291,Blog
U0292,LinkedIn -> TikTok -> LinkedIn
U0293,LinkedIn -> Blog
U0294,LinkedIn -> Blog -> Facebook
U0295,Google -> Google -> TikTok -> Facebook -> LinkedIn
U0296,Blog -> LinkedIn -> Google -> Facebook -> Blog
U0297,Blog -> TikTok
U0298,LinkedIn
U0299,Unknown -> Facebook -> Blog -> Blog
U0300,Blog -> Google -> TikTok -> TikTok -> Facebook
U0301,Facebook -> LinkedIn -> LinkedIn -> Google
U0302,Google -> TikTok
U0303,Blog -> LinkedIn
U0304,Facebook -> Google -> Facebook -> Unknown
U0305,Google -> TikTok -> Facebook
U0307,TikTok -> Blog
U0308,Blog -> Facebook -> Facebook
U0309,LinkedIn -> Google -> Google -> TikTok
U0310,Google
U0311,TikTok -> Google
U0312,Google
U0313,TikTok
U0314,Blog -> Facebook -> Blog -> TikTok
U0315,Facebook -> Google -> Facebook
U0316,Blog -> Google -> TikTok -> Blog -> Google
U0317,Unknown -> Google
U0318,Google -> Blog -> Blog -> Blog -> Unknown
U0319,Blog -> Facebook -> LinkedIn -> TikTok -> TikTok
U0320,Blog
U0321,Blog -> Google -> Facebook
U0322,TikTok -> Facebook -> TikTok -> TikTok
U0323,Blog -> TikTok -> Blog
U0324,Google -> Google -> Google -> Blog -> LinkedIn
U0325,TikTok -> Blog -> TikTok -> Google -> LinkedIn
U0326,Google
U0327,Google
U0328,Google -> Facebook -> Google -> Google
U0329,Blog -> Google -> Unknown -> Unknown -> TikTok
U0330,Facebook
U0331,LinkedIn -> Blog -> Google -> Google
U0332,Facebook -> Blog -> Blog
U0333,Unknown -> Google
U0334,Facebook -> LinkedIn -> Blog -> LinkedIn -> Google
U0335,LinkedIn -> TikTok -> TikTok -> Unknown
U0336,Google -> Facebook -> LinkedIn -> Blog
U0337,Google
U0338,TikTok -> TikTok -> Blog
U0339,Facebook -> Facebook
U0340,Blog -> TikTok -> Google
U0341,LinkedIn -> Facebook -> LinkedIn -> LinkedIn -> TikTok
U0342,TikTok -> TikTok
U0343,TikTok
U0344,Blog
U0345,LinkedIn
U0346,LinkedIn -> Blog -> TikTok -> Blog -> Google
U0347,Facebook -> Blog -> Google -> TikTok -> TikTok
U0348,Facebook -> Google -> Google
U0349,Google -> Unknown -> LinkedIn -> LinkedIn -> TikTok
U0350,Facebook -> LinkedIn -> TikTok
U0351,Facebook
U0352,Facebook
U0353,Unknown
U0354,Facebook -> Blog -> Facebook
U0355,LinkedIn
U0356,Blog -> Google
U0357,TikTok -> Google -> Facebook -> LinkedIn -> Google
U0358,LinkedIn -> Blog -> LinkedIn -> TikTok -> TikTok
U0359,Facebook -> Unknown -> Facebook -> Google -> Facebook
U0360,LinkedIn -> LinkedIn -> Google -> LinkedIn
U0361,TikTok -> Google -> TikTok -> Facebook
U0362,Unknown -> Facebook -> Google
U0363,Unknown
U0364,TikTok -> Blog -> TikTok -> Facebook
U0365,TikTok
U0366,Blog -> Google -> Blog -> Google
U0367,Facebook
U0368,Google -> LinkedIn
U0369,LinkedIn -> TikTok -> TikTok -> Unknown -> Blog
U0370,Google
U0371,LinkedIn -> Facebook -> TikTok -> Facebook -> TikTok
U0372,Google -> Facebook
U0373,Unknown -> Facebook
U0374,TikTok -> TikTok -> Google -> Facebook -> Google
U0375,Google
U0376,Google -> Blog
U0377,Blog
U0378,TikTok -> TikTok -> Google
U0379,LinkedIn -> Google
U0380,Unknown -> Google
U0381,Facebook -> Blog
U0382,Facebook -> Facebook -> TikTok
U0383,TikTok -> Facebook
U0384,Google -> Blog -> Facebook
U0385,Facebook -> Facebook -> LinkedIn -> Google
U0386,Facebook -> LinkedIn
U0387,Blog -> Blog
U0388,Google -> TikTok -> TikTok -> Google
U0389,TikTok -> TikTok -> LinkedIn -> LinkedIn
U0390,Facebook -> LinkedIn -> Google -> Facebook
U0391,Blog -> Google -> Blog -> Google
U0392,LinkedIn -> LinkedIn -> LinkedIn
U0393,Google -> Facebook -> Google
U0394,Facebook -> Blog -> Google -> Blog
U0395,LinkedIn -> TikTok
U0396,Google -> Blog -> Blog -> Facebook
U0397,LinkedIn
U0398,Google
U0399,Blog -> Facebook -> Google -> LinkedIn
U0400,Facebook -> LinkedIn
U0401,TikTok -> TikTok
U0402,Google -> Blog -> LinkedIn -> Blog -> Facebook
U0403,Google -> LinkedIn -> TikTok -> Blog -> Google
U0404,LinkedIn -> Facebook -> Facebook -> TikTok
U0405,TikTok -> Facebook -> TikTok
U0406,Google -> Google
U0407,Blog -> TikTok -> Facebook -> TikTok
U0408,TikTok -> TikTok
U0409,Facebook -> TikTok -> Unknown -> Google
U0410,Facebook -> TikTok -> Blog
U0411,Google -> Google -> Facebook -> TikTok -> Facebook
U0412,TikTok
U0413,LinkedIn -> Blog
U0414,Unknown -> Blog -> Google
U0415,Facebook -> LinkedIn -> TikTok
U0416,LinkedIn -> LinkedIn
U0417,Blog
U0418,Google -> Blog -> Google -> TikTok
U0419,TikTok -> LinkedIn -> Google -> Blog -> LinkedIn
U0420,Facebook -> Blog
U0421,TikTok -> Blog -> Blog
U0422,LinkedIn
U0423,TikTok -> Blog
U0424,Google -> Facebook -> Facebook -> Google -> Facebook
U0425,TikTok -> Google
U0426,TikTok -> Google -> Blog
U0427,Unknown -> Facebook -> TikTok
U0428,LinkedIn -> Google -> LinkedIn
U0429,Google -> Google -> Blog
U0430,TikTok
U0431,Blog -> Google -> Google -> LinkedIn -> Blog
U0432,Blog -> Google
U0433,Google -> Blog -> Google
U0434,Google -> Google -> Blog
U0435,Unknown -> TikTok
U0436,LinkedIn -> Google
U0437,Google
U0438,LinkedIn -> Google -> LinkedIn -> Blog -> LinkedIn
U0439,Blog -> Google -> LinkedIn -> Facebook
U0440,Blog -> Google -> TikTok
U0441,Facebook -> LinkedIn -> Google -> Blog
U0442,Facebook -> LinkedIn -> Blog -> Blog
U0443,Google -> Facebook
U0444,Facebook -> Blog
U0445,LinkedIn -> Google -> TikTok -> Google
U0446,Facebook
U0447,TikTok -> Facebook -> Blog -> Google
U0448,Facebook -> TikTok -> Blog
U0449,LinkedIn
U0450,Facebook -> Unknown -> LinkedIn -> Google
U0451,Unknown -> Google
U0452,Google
U0453,Google -> Facebook -> TikTok -> TikTok -> Facebook
U0454,Blog -> LinkedIn
U0455,Facebook -> Blog -> Unknown -> Google -> LinkedIn
U0456,Blog -> Facebook -> Blog
U0457,Facebook
U0458,Blog
U0459,Facebook -> Facebook -> Google -> LinkedIn -> LinkedIn
U0460,TikTok -> TikTok -> Google -> Facebook
U0461,Blog -> Google -> LinkedIn
U0462,Facebook -> Google -> Facebook -> Unknown
U0463,Unknown
U0464,Facebook -> Facebook -> Google -> Blog
U0465,LinkedIn -> Blog
U0466,Facebook
U0467,LinkedIn -> Blog
U0468,Blog -> Blog -> TikTok
U0469,Facebook -> LinkedIn -> Google -> Facebook
U0470,Facebook -> Google
U0471,Facebook -> Blog -> TikTok -> Google
U0472,TikTok -> TikTok -> Facebook -> TikTok
U0473,TikTok -> Google -> TikTok -> Unknown -> Unknown
U0474,Facebook -> Facebook -> Blog -> LinkedIn -> TikTok
U0475,TikTok -> Facebook -> Blog -> LinkedIn -> Google
U0476,TikTok -> Google -> Google -> Unknown -> LinkedIn
U0477,Facebook -> TikTok -> Facebook
U0478,TikTok -> Facebook -> TikTok
U0479,Google -> Blog
U0480,Google -> LinkedIn
U0481,Blog -> Google -> Blog -> Blog
U0482,LinkedIn
U0483,LinkedIn -> Google
U0484,Blog -> Blog
U0485,TikTok -> LinkedIn
U0486,Facebook -> TikTok -> Blog
U0487,Blog -> Blog -> LinkedIn -> Facebook
U0488,Google -> Blog -> Facebook -> Unknown -> LinkedIn
U0489,Google -> Google -> LinkedIn -> LinkedIn
U0490,Blog -> Facebook
U0491,Facebook -> TikTok -> Blog
U0492,LinkedIn -> TikTok -> Google -> Google
U0493,Google
U0494,TikTok
U0495,TikTok -> Blog -> LinkedIn -> Blog -> Facebook
U0496,Google -> Unknown -> Blog -> LinkedIn -> Google
U0497,Blog -> Facebook -> Blog
U0498,Google -> Facebook
U0499,Google -> Facebook -> Facebook -> Google
U0500,Google -> Google -> Facebook -> Facebook
U0501,Google -> Facebook -> Blog
U0502,Google -> LinkedIn -> TikTok -> Facebook
U0503,LinkedIn -> Facebook
U0504,Facebook
U0505,Facebook -> Unknown -> Blog -> TikTok -> Facebook
U0506,Blog -> Facebook -> Blog -> Google
U0507,Facebook -> Facebook -> TikTok -> Facebook -> Facebook
U0508,LinkedIn -> TikTok -> LinkedIn -> Facebook
U0509,TikTok -> LinkedIn
U0510,Facebook
U0511,TikTok -> TikTok -> Blog -> Blog -> TikTok
U0512,TikTok -> Blog
U0513,LinkedIn
U0514,LinkedIn
U0515,LinkedIn -> LinkedIn -> LinkedIn
U0516,LinkedIn -> LinkedIn -> LinkedIn -> Facebook -> Facebook
U0517,LinkedIn
U0518,Facebook -> TikTok -> Google -> Google -> TikTok
U0519,Blog -> Blog -> Blog
U0520,TikTok -> TikTok
U0521,TikTok -> Unknown -> Google
U0522,LinkedIn -> Blog -> Google -> Blog -> Facebook
U0523,Blog -> Blog -> Google -> TikTok
U0524,TikTok -> Unknown -> Unknown -> LinkedIn
U0525,LinkedIn -> LinkedIn -> Google -> TikTok -> LinkedIn
U0526,Facebook -> LinkedIn -> Facebook -> Facebook
U0527,Facebook
U0528,Unknown -> Google
U0529,TikTok -> Unknown
U0530,Blog -> Blog -> Google -> LinkedIn
U0531,TikTok -> TikTok -> TikTok
U0532,TikTok -> TikTok -> Facebook -> TikTok
U0533,Google -> LinkedIn -> Facebook -> Facebook -> Facebook
U0534,TikTok -> Unknown -> Facebook -> TikTok -> LinkedIn
U0535,LinkedIn -> LinkedIn -> Blog
U0536,LinkedIn
U0537,Google -> TikTok -> Google
U0538,Blog -> LinkedIn
U0539,Unknown
U0540,Google -> LinkedIn
U0541,Blog -> TikTok
U0542,Blog -> Facebook
U0543,TikTok
U0544,LinkedIn
U0545,Blog -> TikTok -> LinkedIn -> TikTok
U0546,Facebook -> Facebook
U0547,Google -> Blog
U0548,Blog -> Facebook -> LinkedIn -> TikTok -> LinkedIn
U0549,TikTok -> LinkedIn -> TikTok -> Google -> Blog
U0550,Blog -> TikTok -> Google
U0551,Unknown -> LinkedIn -> TikTok -> Google -> Google
U0552,Blog -> Google -> Google -> Google
U0553,Blog -> Blog -> Blog -> LinkedIn
U0554,TikTok -> LinkedIn
U0555,Blog -> LinkedIn
U0556,Blog -> TikTok
U0557,Facebook -> LinkedIn -> Unknown -> LinkedIn
U0558,Google -> Google -> Facebook -> Blog
U0559,Facebook -> TikTok -> LinkedIn -> LinkedIn -> Facebook
U0560,TikTok -> Google
U0561,LinkedIn -> LinkedIn -> Google -> TikTok
U0562,Facebook
U0563,LinkedIn
U0564,TikTok -> TikTok -> Google -> Google
U0565,Google -> Google -> Blog -> Facebook
U0566,Facebook
U0567,Unknown
U0568,Blog
U0569,LinkedIn
U0570,Blog -> Unknown
U0571,Google -> Google
U0572,TikTok -> Facebook -> Facebook -> Facebook
U0573,Blog -> LinkedIn -> LinkedIn -> Facebook -> Facebook
U0574,LinkedIn -> TikTok -> Facebook -> LinkedIn -> Facebook
U0575,LinkedIn -> LinkedIn
U0576,Unknown -> TikTok -> TikTok
U0577,Google
U0578,Blog -> Facebook
U0579,Blog -> Blog
U0580,Facebook
U0581,LinkedIn
U0582,TikTok -> Blog -> Facebook -> Facebook
U0583,LinkedIn -> Blog -> Blog -> Google
U0584,Facebook -> LinkedIn
U0585,Google
U0586,LinkedIn -> Blog -> Blog -> Blog
U0587,Blog
U0588,Facebook -> LinkedIn -> LinkedIn -> Blog
U0589,LinkedIn -> LinkedIn -> LinkedIn -> LinkedIn
U0590,TikTok -> Google -> LinkedIn
U0591,TikTok -> Google -> TikTok -> TikTok
U0592,TikTok
U0593,Facebook -> Facebook -> LinkedIn -> TikTok -> Google
U0594,TikTok
U0595,LinkedIn -> TikTok
U0596,Unknown -> LinkedIn
U0597,Unknown -> Facebook
U0598,LinkedIn -> TikTok
U0599,Facebook -> Unknown -> Blog -> Unknown -> LinkedIn
U0600,Google -> TikTok -> Google
U0601,Unknown
U0602,Blog -> Google
U0603,Unknown -> Facebook -> TikTok
U0604,TikTok -> Blog -> Blog
U0605,LinkedIn
U0606,LinkedIn -> Google -> LinkedIn
U0607,Google
U0608,Facebook
U0609,TikTok
U0610,TikTok -> Blog -> Google -> Facebook
U0611,Facebook
U0612,LinkedIn -> Google -> Unknown -> Blog -> Blog
U0613,LinkedIn
U0614,TikTok -> LinkedIn -> TikTok -> TikTok
U0615,Google -> Facebook -> TikTok -> LinkedIn
U0616,Google
U0617,TikTok -> TikTok
U0618,TikTok -> TikTok -> Facebook -> LinkedIn -> TikTok
U0619,Blog
U0620,LinkedIn -> Blog -> TikTok -> LinkedIn -> LinkedIn
U0621,Facebook
U0622,Blog -> Unknown -> Google -> LinkedIn
U0623,Google -> Facebook -> Unknown -> LinkedIn
U0624,Facebook -> LinkedIn
U0625,Facebook -> Blog
U0626,TikTok -> Facebook
U0627,Blog
U0628,Blog
U0629,Google -> Blog -> TikTok -> LinkedIn -> Unknown
U0630,LinkedIn -> Google
U0631,Facebook -> TikTok -> Google
U0632,Blog -> Unknown -> LinkedIn
U0633,Facebook -> Blog
U0634,LinkedIn
U0635,TikTok -> TikTok -> TikTok -> TikTok -> LinkedIn
U0636,TikTok -> Facebook
U0637,Google -> Facebook -> LinkedIn -> Facebook -> LinkedIn
U0638,Facebook
U0639,TikTok -> LinkedIn
U0640,Facebook
U0641,TikTok -> Blog -> Blog -> Google -> LinkedIn
U0642,Google -> Blog
U0643,Google
U0644,Blog -> LinkedIn -> Unknown -> TikTok -> Facebook
U0645,Google -> Google -> LinkedIn
U0646,Blog -> Blog -> LinkedIn -> Blog
U0647,Facebook
U0648,Google
U0649,LinkedIn -> Blog
U0650,Unknown -> LinkedIn
U0651,Unknown -> TikTok -> TikTok
U0652,Google -> Google -> Blog -> Google
U0653,Blog
U0654,TikTok
U0655,TikTok
U0656,Facebook
U0657,TikTok -> Google
U0658,LinkedIn -> TikTok
U0659,LinkedIn -> Google
U0660,Blog -> Facebook -> Facebook -> TikTok
U0661,Facebook -> Blog -> Google -> TikTok
U0662,LinkedIn -> Google -> TikTok -> LinkedIn
U0663,Google -> Blog -> Blog -> Google -> LinkedIn
U0664,Facebook -> Google -> TikTok
U0665,Facebook -> TikTok -> Google
U0666,TikTok -> LinkedIn -> LinkedIn -> TikTok -> LinkedIn
U0667,LinkedIn -> TikTok -> LinkedIn -> LinkedIn
U0668,LinkedIn
U0669,Facebook -> Blog -> Facebook -> Google
U0670,LinkedIn -> TikTok
U0671,TikTok -> Blog
U0672,LinkedIn -> Unknown -> Facebook -> Blog -> LinkedIn
U0673,Blog -> Google -> TikTok
U0674,Google -> LinkedIn -> TikTok -> LinkedIn
U0675,Facebook -> LinkedIn -> Blog
U0676,LinkedIn -> TikTok -> Blog -> Facebook -> Blog
U0677,TikTok -> LinkedIn -> Blog
U0678,Blog -> Blog -> Facebook
U0679,Facebook -> Facebook -> Blog -> Blog -> Google
U0680,Google -> Google -> Blog -> Google -> Google
U0681,Google -> TikTok
U0682,Facebook -> Google -> TikTok -> LinkedIn
U0683,LinkedIn -> Blog -> Facebook
U0684,TikTok
U0685,Blog -> TikTok -> Google -> Facebook
U0686,Google -> LinkedIn -> Facebook
U0687,Facebook -> Google -> Facebook
U0688,LinkedIn -> Google -> Google -> TikTok
U0689,Facebook -> LinkedIn
U0690,Facebook
U0691,Google -> Facebook -> Google -> LinkedIn
U0692,LinkedIn -> TikTok -> Google -> TikTok -> TikTok
U0693,Google -> Google -> Google -> Facebook
U0694,Facebook
U0695,Google -> Google
U0696,Blog -> Blog -> Google -> TikTok
U0697,Google -> Blog
U0698,TikTok
U0699,LinkedIn -> Facebook -> LinkedIn -> TikTok -> LinkedIn
U0700,Unknown -> TikTok -> LinkedIn -> Google -> LinkedIn
U0701,LinkedIn -> LinkedIn -> Blog
U0702,Unknown
U0703,Blog -> Blog -> TikTok -> LinkedIn
U0704,Google
U0705,Facebook -> TikTok -> TikTok
U0706,Google -> Blog -> Google -> Blog
U0707,Google -> LinkedIn -> LinkedIn -> LinkedIn -> LinkedIn
U0708,Blog -> Blog
U0709,TikTok
U0710,Unknown
U0711,LinkedIn -> Blog
U0712,LinkedIn -> LinkedIn -> TikTok -> Facebook -> TikTok
U0713,Facebook -> Blog -> Google -> TikTok
U0714,Blog -> Unknown
U0715,Google -> LinkedIn -> Facebook
U0716,LinkedIn -> Facebook -> LinkedIn -> Facebook -> Blog
U0717,TikTok -> Facebook
U0718,LinkedIn -> Facebook -> Blog -> Google
U0719,LinkedIn -> Google
U0720,LinkedIn -> Unknown -> Unknown
U0721,Google -> Blog -> LinkedIn -> Blog
U0722,Blog
U0723,TikTok -> Google
U0724,Unknown -> Facebook -> Google -> Google -> LinkedIn
U0725,Unknown -> LinkedIn -> LinkedIn -> Facebook
U0726,Google -> TikTok -> Facebook
U0727,Google
U0728,Google -> LinkedIn -> Blog -> Google -> Google
U0729,Facebook -> Google -> LinkedIn -> Facebook -> TikTok
U0730,Blog -> LinkedIn -> Blog -> LinkedIn
U0731,LinkedIn
U0732,Blog -> Google
U0733,LinkedIn -> Facebook -> Blog -> Google
U0734,Unknown -> Google -> Unknown -> TikTok
U0735,TikTok -> Blog -> Facebook
U0736,Unknown -> LinkedIn
U0737,Google -> LinkedIn -> Google -> Facebook -> Facebook
U0738,Google
U0740,Blog -> Blog
U0741,TikTok -> Google -> Facebook
U0742,Facebook
U0743,Unknown
U0744,Blog -> Google -> Google -> Google
U0745,Google -> LinkedIn -> Facebook
U0746,Facebook -> Google
U0747,Unknown -> TikTok
U0748,LinkedIn
U0749,TikTok -> Facebook -> Facebook -> TikTok -> Blog
U0750,LinkedIn -> TikTok -> TikTok
U0751,Facebook -> LinkedIn
U0752,Blog
U0753,LinkedIn
U0754,Google -> Google
U0755,LinkedIn -> TikTok -> Blog
U0756,Blog -> LinkedIn
U0757,LinkedIn -> Unknown -> Blog -> LinkedIn
U0758,Google -> Facebook
U0759,Unknown -> LinkedIn
U0760,LinkedIn
U0761,Google -> Facebook -> Facebook -> LinkedIn
U0762,Facebook -> Google -> Facebook -> Facebook -> Google
U0763,Google -> Blog -> LinkedIn -> Google -> LinkedIn
U0764,Facebook -> LinkedIn -> Google -> Facebook
U0765,Facebook -> Google -> Blog
U0766,TikTok
U0767,TikTok -> LinkedIn -> Blog -> Google
U0768,LinkedIn -> Facebook
U0769,Google -> Facebook -> TikTok -> Blog -> Blog
U0770,Unknown -> LinkedIn -> Google
U0771,TikTok
U0772,Facebook -> Google -> Blog
U0773,Blog -> Blog -> Google -> Google
U0774,Blog -> TikTok -> LinkedIn
U0775,Facebook -> Google -> Facebook -> Facebook
U0776,Google
U0777,Blog -> Facebook -> Unknown -> LinkedIn
U0778,TikTok -> Facebook -> Google
U0779,LinkedIn -> Facebook
U0780,Blog -> Google -> Blog -> TikTok
U0781,Facebook -> Facebook -> Facebook -> TikTok -> TikTok
U0782,Google -> LinkedIn -> Facebook
U0783,Facebook
U0784,LinkedIn -> Facebook -> Google
U0785,Google -> Blog -> Facebook -> TikTok
U0786,Facebook -> Facebook -> LinkedIn -> Google
U0787,Facebook -> Google -> LinkedIn
U0788,Blog -> Facebook -> TikTok -> Google -> Google
U0789,Facebook -> Facebook -> TikTok
U0790,Google -> Facebook -> Blog
U0791,Google -> TikTok -> TikTok -> Blog -> TikTok
U0792,TikTok
U0793,Blog -> Google
U0794,Facebook -> Google -> TikTok -> Unknown -> LinkedIn
U0795,TikTok -> Facebook -> Google -> Google -> Facebook
U0796,LinkedIn
U0797,Blog -> TikTok -> LinkedIn -> Google
U0798,Google -> TikTok -> Blog -> Facebook
U0799,LinkedIn -> Google -> Google -> TikTok -> TikTok
U0800,LinkedIn
U0801,Unknown -> Blog -> Google
U0802,Google -> Blog -> LinkedIn
U0803,Facebook
U0804,LinkedIn -> TikTok -> TikTok -> Unknown -> Blog
U0805,TikTok -> LinkedIn -> TikTok
U0806,Blog -> TikTok -> Blog -> Google -> Blog
U0807,Facebook -> Google -> Google -> LinkedIn -> TikTok
U0808,Blog
U0809,Facebook
U0810,Facebook
U0811,Blog -> Google -> TikTok -> LinkedIn -> LinkedIn
U0812,Facebook -> LinkedIn -> LinkedIn -> LinkedIn -> Google
U0813,TikTok -> Facebook -> Google -> Google -> LinkedIn
U0814,Google -> Blog -> TikTok
U0815,Blog
U0816,LinkedIn
U0817,Blog
U0818,TikTok -> Facebook
U0819,Blog -> Facebook -> Facebook
U0820,TikTok -> Unknown -> TikTok -> Facebook
U0821,LinkedIn
U0822,TikTok -> LinkedIn -> Facebook -> LinkedIn
U0823,Google
U0824,TikTok -> LinkedIn
U0825,Blog -> Blog -> TikTok -> Blog -> LinkedIn
U0826,Facebook -> TikTok
U0827,Facebook -> Unknown -> LinkedIn -> Blog
U0828,Facebook -> Blog -> Blog -> Google -> Google
U0829,Blog
U0830,TikTok -> Google
U0831,Facebook
U0832,TikTok
U0833,Blog -> Google
U0834,LinkedIn
U0835,TikTok -> LinkedIn
U0836,Blog -> Unknown
U0837,Google -> Google -> Google
U0838,Blog -> Blog
U0839,LinkedIn -> Blog -> LinkedIn -> Unknown -> TikTok
U0840,Facebook -> Unknown -> Unknown -> TikTok -> TikTok
U0841,Facebook -> Facebook -> Facebook -> Unknown -> LinkedIn
U0842,LinkedIn -> Blog -> Google -> TikTok -> TikTok
U0843,Blog -> Facebook
U0844,Google -> Facebook
U0845,Blog -> Blog -> Unknown
U0846,TikTok -> TikTok
U0847,TikTok
U0848,Unknown -> Blog -> LinkedIn -> LinkedIn
U0849,TikTok -> Facebook
U0850,LinkedIn -> Blog -> TikTok -> LinkedIn
U0851,LinkedIn -> Blog -> Unknown -> LinkedIn
U0852,Blog
U0853,Google
U0854,Facebook
U0855,Facebook -> Google
U0856,LinkedIn
U0857,Facebook -> Blog -> Google -> Google
U0858,TikTok
U0859,Blog -> Blog
U0860,Unknown -> TikTok -> Unknown
U0861,Facebook -> Blog
U0862,Google -> LinkedIn -> LinkedIn -> Google
U0863,Blog -> Google -> TikTok -> Unknown -> Facebook
U0864,Facebook -> Google -> LinkedIn -> Google -> TikTok
U0865,Blog -> TikTok
U0866,LinkedIn -> Facebook
U0867,TikTok -> Blog -> Facebook -> TikTok
U0868,Google -> Google -> Blog -> Blog -> Blog
U0869,Google -> TikTok -> Unknown -> Google -> Facebook
U0870,Blog -> Google -> TikTok -> Blog -> Facebook
U0871,TikTok -> Facebook
U0872,Facebook -> Facebook -> LinkedIn -> Unknown -> Google
U0873,Unknown
U0874,Unknown -> Blog -> Unknown -> LinkedIn -> Facebook
U0875,Facebook -> Google -> TikTok -> Google -> Facebook
U0876,TikTok -> Google -> LinkedIn -> Blog -> LinkedIn
U0877,Blog
U0878,LinkedIn -> Facebook -> Facebook
U0879,Blog -> Blog -> Facebook
U0880,TikTok -> LinkedIn -> Blog -> TikTok
U0881,TikTok -> LinkedIn -> Unknown -> LinkedIn
U0882,Unknown -> TikTok -> Blog -> Google
U0883,Blog
U0884,Facebook -> LinkedIn -> Facebook -> LinkedIn -> Google
U0885,Facebook -> TikTok
U0886,TikTok
U0887,Unknown -> Facebook -> LinkedIn -> Blog
U0888,Blog -> LinkedIn -> LinkedIn
U0889,Google
U0890,Unknown -> TikTok
U0891,Facebook
U0892,Facebook -> Blog -> Facebook -> LinkedIn
U0893,TikTok -> Blog -> Google
U0894,TikTok -> Blog -> Google -> Google
U0895,Facebook -> Google -> Google -> Blog
U0896,TikTok -> Facebook -> Blog -> Unknown -> Blog
U0897,LinkedIn
U0898,Google -> Google -> Blog -> LinkedIn
U0899,LinkedIn -> Blog -> Blog -> Google -> TikTok
U0900,Blog -> Blog -> Unknown
U0901,LinkedIn -> Facebook -> Facebook -> Unknown
U0902,Google -> TikTok -> TikTok -> Facebook
U0903,Blog
U0904,Facebook -> LinkedIn
U0905,LinkedIn -> Google
U0906,LinkedIn -> Blog
U0907,TikTok -> Google -> Facebook -> TikTok -> LinkedIn
U0908,Blog
U0909,Facebook -> Facebook
U0910,Facebook
U0911,LinkedIn -> LinkedIn -> Blog -> Facebook -> Unknown
U0912,LinkedIn -> TikTok -> Facebook -> LinkedIn
U0913,TikTok -> TikTok
U0914,Blog -> LinkedIn -> TikTok
U0915,TikTok -> Facebook -> LinkedIn -> LinkedIn
U0916,Blog
U0917,TikTok -> Blog -> Facebook -> Blog
U0918,Blog
U0919,Facebook
U0920,LinkedIn -> Unknown -> Google
U0921,Facebook -> Google -> TikTok -> LinkedIn -> Blog
U0922,Facebook -> Google -> Facebook -> Google
U0923,LinkedIn -> Blog -> Blog
U0924,Unknown -> Blog -> LinkedIn -> Google -> TikTok
U0925,TikTok -> Google -> Facebook
U0926,LinkedIn
U0927,TikTok -> Facebook -> Google
U0928,TikTok
U0929,Unknown -> LinkedIn -> Facebook -> Facebook -> Facebook
U0930,Google -> LinkedIn -> TikTok
U0931,TikTok -> Google -> Blog
U0932,TikTok -> TikTok
U0933,LinkedIn -> Facebook
U0934,Google -> LinkedIn -> Unknown -> Google -> Blog
U0935,Google -> Google -> Blog -> Facebook
U0936,TikTok -> TikTok
U0937,TikTok -> TikTok -> LinkedIn -> Google -> TikTok
U0938,Unknown -> LinkedIn -> LinkedIn -> Google
U0939,Facebook -> Facebook -> Blog -> LinkedIn -> LinkedIn
U0940,Facebook -> Blog -> Blog
U0941,LinkedIn
U0942,TikTok
U0943,TikTok -> LinkedIn
U0944,Blog -> Blog -> Blog -> Blog
U0945,Blog
U0946,Blog -> LinkedIn -> LinkedIn -> Google -> Google
U0947,Blog -> Blog -> Google -> Google -> Google
U0948,Blog -> Google
U0949,LinkedIn
U0950,Blog -> Facebook -> Google -> TikTok -> LinkedIn
U0951,LinkedIn -> Google -> Google
U0952,LinkedIn -> Google -> LinkedIn
U0953,TikTok -> TikTok -> TikTok -> Google -> Facebook
U0954,TikTok -> Facebook
U0955,Blog -> Facebook
U0956,LinkedIn -> TikTok -> Google
U0957,LinkedIn -> LinkedIn -> TikTok
U0958,Google -> Facebook -> TikTok -> Google
U0959,TikTok
U0960,Blog -> LinkedIn -> Facebook -> Google
U0961,LinkedIn -> Blog -> Google -> LinkedIn -> LinkedIn
U0962,LinkedIn -> Blog -> Blog -> LinkedIn
U0963,LinkedIn -> Google -> TikTok -> Google
U0964,Google -> Blog
U0965,Google -> LinkedIn -> TikTok
U0966,LinkedIn -> Google
U0967,Facebook
U0968,LinkedIn -> Blog -> Blog
U0969,LinkedIn -> Google -> LinkedIn
U0970,TikTok -> Blog -> LinkedIn -> TikTok -> Facebook
U0971,LinkedIn -> Blog -> TikTok -> Facebook
U0972,Google
U0973,Google -> Blog -> Google -> Facebook
U0974,TikTok -> Unknown -> TikTok -> TikTok -> TikTok
U0975,Facebook -> Google -> Unknown
U0976,Google
U0977,Facebook -> Blog -> Google -> LinkedIn
U0978,LinkedIn
U0979,LinkedIn -> Google -> Facebook -> Facebook -> TikTok
U0980,Facebook -> TikTok -> LinkedIn
U0981,Google -> LinkedIn -> TikTok
U0982,TikTok -> Google -> LinkedIn -> Google -> Blog
U0983,TikTok
U0984,TikTok -> Facebook -> Google
U0985,Google -> TikTok -> Facebook -> Facebook -> Blog
U0986,Blog -> Blog -> Blog
U0987,Blog -> LinkedIn -> LinkedIn -> LinkedIn
U0988,TikTok -> TikTok
U0989,Blog -> LinkedIn -> Blog -> LinkedIn
U0990,LinkedIn -> Blog -> Facebook -> Facebook -> Facebook
U0991,Google -> Google
U0992,LinkedIn -> TikTok -> TikTok -> Google
U0993,Unknown -> Google -> Facebook
U0994,TikTok -> Facebook -> LinkedIn -> Blog
U0995,Facebook -> Google -> LinkedIn -> TikTok -> TikTok
U0996,Google -> Google -> Facebook -> Facebook
U0997,Google -> TikTok
U0998,LinkedIn -> Unknown -> TikTok -> Facebook
U0999,Google -> TikTok -> TikTok -> Blog
U1000,Blog -> Facebook -> TikTok -> Blog
U1001,TikTok -> Facebook -> TikTok
U1002,Google -> TikTok -> Facebook
U1003,Facebook -> Blog -> Blog -> Blog -> LinkedIn
U1004,LinkedIn
U1005,Google -> Google -> Unknown -> Facebook -> Google
U1006,Google -> Google -> Blog -> Blog -> Facebook
U1007,LinkedIn -> Facebook -> Facebook
U1008,Google -> TikTok -> Google
U1009,LinkedIn
U1010,Facebook -> Google -> Google -> Facebook
U1011,Facebook -> TikTok -> Blog
U1012,LinkedIn -> Facebook -> TikTok -> Facebook
U1013,LinkedIn
U1014,Google
U1015,Facebook
U1016,Facebook -> Blog -> Blog -> TikTok -> Facebook
U1017,LinkedIn -> Blog -> Google -> TikTok
U1018,Unknown -> Google -> TikTok -> LinkedIn
U1019,TikTok -> Google -> Google -> LinkedIn -> TikTok
U1020,Google -> Blog -> Facebook -> Facebook
U1021,Google -> Facebook -> TikTok -> Google -> Facebook
U1022,Unknown -> Google -> TikTok
U1023,Google -> Blog -> Google -> Facebook -> LinkedIn
U1024,Facebook -> Facebook -> TikTok -> Google
U1025,LinkedIn -> LinkedIn -> LinkedIn -> Facebook
U1026,TikTok -> Facebook -> LinkedIn -> TikTok -> Facebook
U1027,Blog -> TikTok -> LinkedIn -> TikTok -> Google
U1028,LinkedIn -> Blog
U1029,Facebook -> Blog
U1030,Facebook
U1031,LinkedIn -> Google
U1032,LinkedIn -> LinkedIn -> Google -> LinkedIn -> Facebook
U1033,Facebook -> Google -> Google -> Facebook
U1034,Facebook -> Blog -> Blog
U1035,Facebook -> TikTok -> LinkedIn -> Google
U1036,Facebook -> TikTok -> Facebook -> Blog -> Facebook
U1037,Google -> Blog -> Google
U1038,Blog -> Blog -> Facebook
U1039,Blog -> LinkedIn -> Google -> Blog
U1040,Blog -> TikTok -> Blog -> Google -> TikTok
U1041,LinkedIn -> TikTok
U1042,Blog -> Facebook
U1043,Google -> Google -> Google -> Facebook
U1044,Google -> Facebook -> Facebook -> TikTok -> Facebook
U1045,Blog -> Blog -> TikTok -> Blog
U1046,Google
U1047,Google
U1048,TikTok -> Facebook
U1049,Blog
U1050,Facebook -> Google -> Google -> LinkedIn -> LinkedIn
U1051,TikTok -> Google -> Google -> Facebook -> LinkedIn
U1052,Google
U1053,Google -> TikTok -> Blog
U1054,Facebook -> Google -> LinkedIn -> TikTok
U1055,Google -> Google -> TikTok
U1056,Unknown -> Facebook -> LinkedIn -> Facebook
U1057,Blog -> TikTok
U1058,Facebook -> Facebook -> TikTok -> Blog -> Blog
U1059,LinkedIn -> Facebook -> Blog -> Google -> TikTok
U1060,Facebook -> TikTok
U1061,Blog -> Unknown -> Facebook -> TikTok
U1062,LinkedIn -> Facebook
U1063,LinkedIn -> TikTok -> Google -> Blog
U1064,Google -> TikTok -> Google -> LinkedIn -> Google
U1065,TikTok
U1066,Unknown -> Facebook -> TikTok -> Facebook -> Blog
U1067,Facebook -> LinkedIn -> LinkedIn
U1068,Google -> TikTok -> Google
U1069,TikTok -> TikTok -> LinkedIn -> TikTok -> Google
U1070,TikTok -> Blog
U1071,LinkedIn -> Google -> TikTok -> Google -> TikTok
U1072,LinkedIn -> Unknown -> TikTok
U1073,Facebook -> Blog -> TikTok -> Google
U1074,Blog -> LinkedIn -> Google -> TikTok -> LinkedIn
U1075,Facebook
U1076,LinkedIn -> Facebook -> Blog -> Google
U1077,LinkedIn -> TikTok
U1078,Google
U1079,TikTok -> Facebook -> TikTok -> Unknown -> Facebook
U1080,LinkedIn
U1081,Blog
U1082,Blog
U1083,TikTok -> Unknown -> Google
U1084,Unknown -> LinkedIn -> Facebook -> TikTok
U1085,Facebook -> Blog -> Blog -> Google
U1086,Facebook -> LinkedIn -> Google -> TikTok
U1087,Facebook -> LinkedIn -> TikTok -> LinkedIn -> LinkedIn
U1088,LinkedIn -> Facebook -> Google
U1089,Google -> Blog -> Blog
U1090,Blog -> Blog
U1091,Google
U1092,LinkedIn -> TikTok -> LinkedIn -> LinkedIn
U1093,Google -> Blog -> LinkedIn -> Blog -> Facebook
U1094,Google -> LinkedIn -> Blog
U1095,TikTok -> LinkedIn -> Facebook -> Blog
U1096,LinkedIn
U1097,Blog
U1098,Facebook -> Blog -> LinkedIn
U1099,Google -> Unknown -> LinkedIn
U1100,LinkedIn
U1101,Unknown
U1102,TikTok
U1103,LinkedIn -> Blog -> Blog -> Blog
U1104,Facebook
U1105,Google -> TikTok -> TikTok
U1106,Unknown -> Facebook
U1107,Google -> TikTok
U1108,Facebook -> LinkedIn -> TikTok -> LinkedIn -> Blog
U1109,LinkedIn -> Facebook -> Blog -> Google
U1110,TikTok
U1111,TikTok
U1112,Blog
U1113,Unknown -> Facebook
U1114,TikTok -> Facebook -> Facebook -> Google -> Google
U1115,Unknown
U1116,Blog -> TikTok -> Facebook
U1117,Google -> Blog
U1118,Facebook -> Facebook -> Facebook -> TikTok -> Blog
U1119,Google -> LinkedIn
U1120,Blog -> TikTok -> Blog
U1121,Google
U1122,TikTok -> TikTok -> Blog -> Unknown
U1123,Blog
U1124,TikTok -> Google -> Google -> TikTok
U1125,Google -> Google
U1126,Unknown -> LinkedIn
U1127,LinkedIn -> Google -> LinkedIn
U1128,Blog -> Blog -> Unknown -> TikTok
U1129,TikTok -> LinkedIn
U1130,Google -> Google -> TikTok
U1131,Facebook
U1132,Blog -> Blog -> TikTok
U1133,Blog -> Blog -> Blog -> Google
U1134,TikTok
U1135,Google -> Facebook -> LinkedIn
U1136,TikTok -> LinkedIn
U1137,TikTok
U1140,LinkedIn -> TikTok -> LinkedIn -> LinkedIn
U1141,Google
U1142,LinkedIn -> Blog -> Facebook
U1143,LinkedIn -> TikTok -> Google -> Facebook
U1144,Blog -> LinkedIn -> LinkedIn
U1145,Facebook
U1146,Google -> LinkedIn -> Facebook -> Unknown -> LinkedIn
U1147,LinkedIn -> TikTok
U1148,TikTok
U1149,Blog
U1150,Unknown -> TikTok -> Google -> LinkedIn
U1151,Blog -> Google -> Facebook -> Blog
U1152,Blog -> LinkedIn -> Blog -> LinkedIn -> LinkedIn
U1153,Unknown
U1154,Google -> LinkedIn -> Unknown -> TikTok
U1155,Facebook -> LinkedIn -> Blog
U1156,LinkedIn -> Facebook -> Google -> Facebook -> Unknown
U1157,Google -> LinkedIn
U1158,Unknown
U1159,LinkedIn -> Facebook
U1160,Google -> Facebook -> Facebook -> LinkedIn
U1161,Facebook -> LinkedIn -> Blog -> Blog -> Blog
U1162,LinkedIn -> Unknown -> TikTok
U1163,LinkedIn -> TikTok
U1164,Blog -> Blog
U1165,Google -> Facebook -> Google
U1166,Google -> Unknown -> TikTok
U1167,Google -> Blog -> TikTok -> LinkedIn
U1168,Facebook -> LinkedIn -> TikTok
U1169,Google -> Blog -> LinkedIn -> TikTok
U1170,TikTok -> Unknown
U1171,LinkedIn -> TikTok
U1172,LinkedIn -> Blog -> Facebook -> Google
U1173,Facebook -> LinkedIn
U1174,Facebook -> Google -> Google -> TikTok
U1175,LinkedIn -> Blog -> TikTok -> Google
U1176,Unknown -> Facebook -> LinkedIn -> Facebook
U1177,Blog
U1178,TikTok -> Google -> TikTok -> Facebook
U1179,Google -> Google -> Blog -> LinkedIn
U1180,Blog
U1181,Facebook -> Google -> Facebook -> LinkedIn -> LinkedIn
U1182,Unknown -> TikTok -> Google -> Google
U1183,Blog -> Facebook
U1184,TikTok
U1185,LinkedIn
U1186,Unknown
U1187,Unknown -> LinkedIn -> LinkedIn -> Blog
U1188,Google -> TikTok -> TikTok
U1189,Blog -> Unknown
U1190,Facebook -> Blog -> TikTok -> LinkedIn
U1191,TikTok -> Facebook
U1192,TikTok -> Google -> Blog -> Google
U1193,Blog -> Blog
U1194,Google -> LinkedIn -> LinkedIn -> TikTok
U1195,Facebook
U1196,Blog
U1197,TikTok -> Google -> Google -> TikTok
U1198,LinkedIn -> Facebook -> Google
U1199,TikTok -> Facebook -> Unknown
U1200,TikTok -> TikTok -> LinkedIn -> Facebook
